Name,Human Score,Human Notes,Place ID,GPT Description,GPT Score,GPT Num Stores,GPT Cost ($)
The Fresh Market,8.0,"Local market with a focus on gourmet. Several locations, which may mean lots of procedures",ChIJmb6kSDZ_54gRowDRme47G0k,"The Fresh Market's upscale and gourmet focus, along with its offerings of organic products, aligns well with the high-quality, mono-floral honey produced by the apiary. The store's clientele who appreciate local produce and gourmet food are likely to value the unique qualities of mono-floral honey. The compatibility is not rated a perfect 10 due to the lack of explicit information about the store's commitment to sourcing from small businesses, but the overall atmosphere and product selection suggest a good fit.",8,159,0.0211
The Ancient Olive Gourmet of Winter Garden,8.0,Gourmet pantry with a honey pantry section. Might be online only.,ChIJyZdkgPuD54gRqtF-E30N4x0,"The Ancient Olive Gourmet of Winter Garden specializes in gourmet food products, which aligns perfectly with our high-quality, mono-floral honey. The store's clientele appears to appreciate unique and high-quality food pairings, and our honey would complement their existing selection. The focus on gourmet items and the positive customer feedback on the store's offerings suggest a strong potential for a successful partnership.",9,4,0.0159
Seriously Great Market Solution,1.0,No reviews or website,ChIJu9MkmVF_54gRwZIoka6RoQk,"While the provided JSON data lacks detailed information about the grocery store's focus on gourmet products or support for local small businesses, the fact that it is a grocery store suggests a potential for compatibility. However, without specific details on their product curation or emphasis on local partnerships, a perfect score cannot be justified. The store being in Florida increases the likelihood of interest in locally produced goods like our mono-floral honey.",7,1,0.008
Tn Food & Grocery,4.0,No focus on gourmet,ChIJmfVTDG2D54gRFdvotMCET7U,"Tn Food & Grocery appears to be a local store with a focus on fresh, homemade food, which suggests they may value high-quality, artisanal products. The reviews indicate a community-oriented business, which aligns with our family-owned apiary's ethos. However, there is no explicit mention of a preference for gourmet or local products, so while there is potential for compatibility, it is not guaranteed.",7,1,0.017
Holson's Produce,5.0,No website but maybe.,ChIJo5_x_gV554gRp3F5Ml9JGxY,"Holson's Produce appears to be a local market with a focus on fresh produce and meats, which suggests they may value high-quality, natural products. The reviews indicate a community-oriented business that could be receptive to adding locally-produced, gourmet items like our mono-floral honey. However, the store's primary focus on produce and meat might mean that our honey wouldn't be a central product offering. The compatibility score reflects potential interest in quality goods, but with some uncertainty regarding their current product mix.",7,1,0.015
Suns Market,3.0,"Family owned so that's a plus, but gas station vibes. No gourmet.",ChIJwVN3bHOD54gRSlij1UhudVc,"Suns Market appears to be a small, independent grocery store with a focus on convenience items rather than gourmet products. While the store is located in Florida, which is relatively close to our apiary in northern Florida, the reviews suggest that the store may not prioritize high-quality or specialty items. This could limit the appeal of our premium mono-floral honey to their customer base. However, as a small business, there may be potential for a partnership if the store is looking to expand its selection of local products.",5,1,0.0177
SC Foods,4.0,I don't know what this is but there's no focus on gourmet.,ChIJ2esYs3yP54gRAarbKINxxME,"SC Foods, being a grocery store, is a potential retail partner for a family-owned apiary. The store's location in Florida is geographically compatible with a northern Florida apiary, suggesting potential for a local supplier relationship. However, without specific information on their focus on gourmet or small business products, the score cannot be perfect. The compatibility is assumed to be high based on the potential for local product curation.",8,1,0.0081
Colonial Grocery Deli & Bodega,6.5,Ethnic market. Strong focus on local. No clear gourmet but small.,ChIJEaAcVKx554gRbVLiyDDehHI,"Colonial Grocery Deli & Bodega seems to be a single-location grocery store with a focus on Latin groceries and prepared foods. While it may not specifically curate gourmet products or emphasize small business partnerships, the high rating and community focus suggest a moderate compatibility. Our high-quality, mono-floral honey could appeal to their clientele who appreciate quality food items.",6,1,0.0148
Trader Joe's,4.0,Massive chain. Too much red tape.,ChIJbeFK_p5_54gRGvfzUjKvlFA,"Trader Joe's is known for its curated selection of quality products, including organic and gourmet items, which aligns with our apiary's high-quality, mono-floral honey. However, Trader Joe's is a large national chain, and while they do support a variety of products, they may not prioritize small family businesses as much as smaller grocers would. The compatibility is good due to their product selection and customer base that appreciates quality, but not excellent due to the potential challenges of entering a larger retail space.",7,530,0.0253
JNM Super Market,1.0,Gas station. ,ChIJIxxg6f9-54gRVzC_PSR-wn8,"Given the mixed reviews about the store's focus, with some customers not considering it a true grocery store, and the lack of information on a specific interest in gourmet or local products, the compatibility with our high-quality, mono-floral honey seems low. The store appears to be more of a convenience or souvenir store rather than a curated gourmet food retailer.",2,1,0.0148
