Name,Human Score,Human Notes,Place ID,GPT Description,GPT Score,GPT Cost ($)
The Fresh Market,7.0,Curates artisans but a bit of a chain. Lots of procedures.,ChIJmb6kSDZ_54gRowDRme47G0k,"The Fresh Market appears to be an excellent match for your high-quality, mono-floral honey. With its upscale positioning, focus on gourmet grocery items, and a clientele that appreciates local and organic products, it aligns well with your product offering. The store's high rating and reviews indicate a satisfied customer base that values quality, which is consistent with your brand. The only reason it does not receive a perfect score is due to the potential for other high-quality competitors in the store, which could affect visibility and sales of your product.",9,0.0186
The Ancient Olive Gourmet of Winter Garden,8.0,Gourmet pantry with a honey pantry section. Might be online only.,ChIJyZdkgPuD54gRqtF-E30N4x0,"The Ancient Olive Gourmet of Winter Garden is highly compatible with your high-quality, mono-floral honey. As a gourmet grocery store with a 4.8 rating, it focuses on premium food items and has a clientele that appreciates gourmet and artisanal products. The store's selection of olive oils, vinegars, and other gourmet items, as well as the customer reviews, suggest a discerning customer base that values quality and could be interested in unique, small-batch products like your honey. The store's willingness to feature a variety of gourmet products and the positive feedback on customer service indicate a supportive environment for local suppliers. The score is not a perfect 10 because there is no direct evidence of the store currently stocking honey or similar products, but the overall fit seems very promising.",9,0.0156
Seriously Great Market Solution,1.0,No reviews or website,ChIJu9MkmVF_54gRwZIoka6RoQk,"Seriously Great Market Solution is listed as a 'Grocery store' but lacks detailed information about its specialization in gourmet or small business products. There is no available data on their offerings, highlights, or customer reviews that could indicate a focus on high-quality or artisanal items. The absence of a website and description in the provided data makes it difficult to assess their compatibility with a specialty honey product. Therefore, the compatibility score is low.",2,0.0056
Tn Food & Grocery,4.0,No focus on gourmet,ChIJmfVTDG2D54gRFdvotMCET7U,"Tn Food & Grocery has a community-focused atmosphere with a 4.3 rating, suggesting a positive local reputation. The reviews highlight friendly staff and a well-organized store, which could be conducive to showcasing specialty products like high-quality honey. However, the store is categorized simply as a 'Grocery store' with no specific mention of gourmet or artisanal product offerings. The lack of information on whether they specialize in curating gourmet food products from small businesses leads to a middle-of-the-road score. A direct inquiry with the store would be necessary to determine if they would be interested in stocking a specialty item like mono-floral honey.",5,0.0157
Holson's Produce,5.0,No website but maybe.,ChIJo5_x_gV554gRp3F5Ml9JGxY,"Holson's Produce appears to be a well-regarded produce and meat market in Orlando, with a focus on quality products and good customer service, as indicated by the positive reviews and ratings. While it is not explicitly stated that they specialize in gourmet or artisanal products, the emphasis on quality and the variety of produce and meats suggest that they may be open to stocking high-quality, specialty items like mono-floral honey. However, the lack of information on their website and specific offerings means that further research and direct contact would be necessary to determine their interest in and compatibility with gourmet small business products. The score reflects potential compatibility based on customer appreciation for quality, but acknowledges the need for more information.",7,0.0135
Suns Market,3.0,"Family owned so that's a plus, but gas station vibes. No gourmet.",ChIJwVN3bHOD54gRSlij1UhudVc,"Suns Market appears to be a small, local grocery store with a community presence. However, the reviews indicate that the store may not maintain the highest standards of cleanliness and may not focus on gourmet or specialty products, which could be a concern for a high-quality, mono-floral honey producer. The store's offerings seem to be more general and not specifically curated towards gourmet or artisanal products. Additionally, there is no evidence of a strong emphasis on supporting small businesses. Therefore, the compatibility score is low.",3,0.015
SC Foods,4.0,I don't know what this is but there's no focus on gourmet.,ChIJ2esYs3yP54gRAarbKINxxME,"SC Foods is listed as a 'Grocery store' without any specific mention of specializing in gourmet or artisanal products. There is no available information on whether they focus on small businesses or local products. The lack of details in the provided data such as Description, Rating, Price, Highlights, Offerings, Q_and_A, and Reviews makes it difficult to accurately assess their compatibility with a high-quality, mono-floral honey producer. Therefore, the compatibility score is low.",2,0.0059
Colonial Grocery Deli & Bodega,6.5,Ethnic market. Strong focus on local. No clear gourmet but small.,ChIJEaAcVKx554gRbVLiyDDehHI,"Colonial Grocery Deli & Bodega has a high customer rating and is praised for its great produce and Latin groceries. While it seems to be a popular local spot with a focus on Latin cuisine, there is no specific mention of a specialty in gourmet or artisanal products. The lack of a website and detailed description makes it difficult to assess their interest in small business products like your mono-floral honey. However, the positive reviews and community-oriented atmosphere suggest a moderate potential for partnership. A score of 6 reflects this balance between the unknowns and the positive aspects that could favor your product placement.",6,0.0135
Trader Joe's,4.0,Massive chain. Too much red tape.,ChIJbeFK_p5_54gRGvfzUjKvlFA,"Trader Joe's has a strong reputation for quality and customer service, as evidenced by the high rating and positive reviews. Their offerings include organic products, which aligns with the high-quality, natural aspect of the mono-floral honey produced by the family-owned apiary. However, Trader Joe's is a larger chain and may not specialize in curating gourmet food products from small businesses to the extent that a boutique grocer would. The compatibility score reflects the potential for a good partnership, but also acknowledges that there may be challenges in terms of product placement and visibility among the store's signature items and wide selection.",7,0.0231
JNM Super Market,1.0,Gas station. ,ChIJIxxg6f9-54gRVzC_PSR-wn8,"JNM Super Market appears to be more of a convenience store with a focus on souvenirs rather than a specialized grocery store. The reviews indicate a limited selection of groceries and some dissatisfaction with the store's offerings. Given that our honey is a high-quality, gourmet product, this store may not be the best fit for our brand. The compatibility score is low because the store does not specialize in gourmet food products and may not cater to the clientele that would appreciate our mono-floral honey.",2,0.0129
