City,State
Alachua,Florida
Altamonte Springs,Florida
Anna Maria,Florida
Apalachicola,Florida
Apopka,Florida
Atlantic Beach,Florida
Auburndale,Florida
Aventura,Florida
Avon Park,Florida
Bal Harbour,Florida
Bartow,Florida
Bay Harbor Islands,Florida
Boca Raton,Florida
Bonita Springs,Florida
Boynton Beach,Florida
Bradenton,Florida
Brooksville,Florida
Cape Canaveral,Florida
Cape Coral,Florida
Casselberry,Florida
Celebration,Florida
Chipley,Florida
Cinco Bayou,Florida
Clearwater,Florida
Clermont,Florida
Clewiston,Florida
Cocoa,Florida
Cocoa Beach,Florida
Coconut Creek,Florida
Coral Gables,Florida
Coral Springs,Florida
Crystal River,Florida
Dania Beach,Florida
Davie,Florida
Daytona Beach,Florida
Deerfield Beach,Florida
DeFuniak Springs,Florida
DeLand,Florida
Delray Beach,Florida
Deltona,Florida
Destin,Florida
Dunedin,Florida
Eagle Lake,Florida
Edgewater,Florida
Edgewood,Florida
Eustis,Florida
Fort Lauderdale,Florida
Fort Meade,Florida
Fort Myers,Florida
Fort Myers Beach,Florida
Fort Pierce,Florida
Fort Walton Beach,Florida
Fruitland Park,Florida
Gainesville,Florida
Greenacres,Florida
Green Cove Springs,Florida
Gulf Breeze,Florida
Gulfport,Florida
Haines City,Florida
Hallandale Beach,Florida
Hawthorne,Florida
Hialeah,Florida
Hialeah Gardens,Florida
Highland Beach,Florida
Hollywood,Florida
Holly Hill,Florida
Holmes Beach,Florida
Homestead,Florida
Hypoluxo,Florida
Indialantic,Florida
Jacksonville,Florida
Juno Beach,Florida
Jupiter,Florida
Key Biscayne,Florida
Key West,Florida
Kissimmee,Florida
LaBelle,Florida
Lady Lake,Florida
Lake Alfred,Florida
Lakeland,Florida
Lake Mary,Florida
Lake Park,Florida
Lake Wales,Florida
Lake Worth,Florida
Lantana,Florida
Largo,Florida
Lauderdale By The Sea,Florida
Lauderhill,Florida
Leesburg,Florida
Lighthouse Point,Florida
Longboat Key,Florida
Longwood,Florida
Maitland,Florida
Marco Island,Florida
Margate,Florida
Melbourne,Florida
Melbourne Beach,Florida
Miami,Florida
Miami Beach,Florida
Milton,Florida
Minneola,Florida
Miramar,Florida
Mount Dora,Florida
Naples,Florida
Neptune Beach,Florida
New Port Richey,Florida
New Smyrna Beach,Florida
Niceville,Florida
North Miami,Florida
North Miami Beach,Florida
North Port,Florida
Oakland Park,Florida
Ocala,Florida
Ocean Ridge,Florida
Ocoee,Florida
Okeechobee,Florida
Oldsmar,Florida
Orange Park,Florida
Orlando,Florida
Ormond Beach,Florida
Oviedo,Florida
Palatka,Florida
Palm Bay,Florida
Palm Beach,Florida
Palm Beach Gardens,Florida
Palm Coast,Florida
Palmetto,Florida
Panama City,Florida
Panama City Beach,Florida
Pembroke Pines,Florida
Pensacola,Florida
Pinecrest,Florida
Pinellas Park,Florida
Plant City,Florida
Plantation,Florida
Pompano Beach,Florida
Ponce Inlet,Florida
Port Orange,Florida
Port St. Lucie,Florida
Punta Gorda,Florida
Rockledge,Florida
Royal Palm Beach,Florida
St. Augustine,Florida
St. Augustine Beach,Florida
St. Cloud,Florida
St. Pete Beach,Florida
St. Petersburg,Florida
Safety Harbor,Florida
Sanford,Florida
Sanibel,Florida
Sarasota,Florida
Satellite Beach,Florida
Seaside,Florida
Sebastian,Florida
Sewall's Point,Florida
Shalimar,Florida
Stuart,Florida
Surfside,Florida
Tallahassee,Florida
Tamarac,Florida
Tampa,Florida
Tarpon Springs,Florida
Tavares,Florida
Temple Terrace,Florida
Titusville,Florida
Treasure Island,Florida
Valparaiso,Florida
Venice,Florida
Vero Beach,Florida
Wellington,Florida
West Melbourne,Florida
West Palm Beach,Florida
Weston,Florida
Wilton Manors,Florida
Winter Garden,Florida
Winter Haven,Florida
Winter Park,Florida
Winter Springs,Florida